고객ID,성별,나이,월구매금액,방문빈도,회원등급,구매채널
1001,여성,21,308513,9,Silver,온라인
1002,여성,54,108331,5,Bronze,오프라인
1003,여성,33,106956,22,Bronze,모바일
1004,여성,54,404472,13,Silver,오프라인
1005,여성,30,322842,9,Silver,오프라인
1006,여성,41,125353,16,Bronze,오프라인
1007,남성,58,291294,19,Bronze,온라인
1008,여성,44,264794,24,Bronze,오프라인
1009,남성,56,112012,26,Bronze,온라인
1010,여성,38,452953,17,Gold,온라인
1011,남성,49,292638,16,Silver,오프라인
1012,남성,33,429187,25,Silver,모바일
1013,여성,58,441136,12,Silver,모바일
1014,여성,49,430397,22,Silver,모바일
1015,여성,40,520087,6,Gold,온라인
1016,남성,45,248682,27,Bronze,온라인
1017,남성,33,418519,19,Silver,오프라인
1018,여성,36,247159,22,Bronze,모바일
1019,남성,57,354700,16,Silver,모바일
1020,여성,28,448123,6,Silver,온라인
1021,여성,29,360666,24,Silver,모바일
1022,여성,44,388704,13,Silver,오프라인
1023,여성,27,446838,13,Silver,모바일
1024,남성,27,218940,5,Bronze,온라인
1025,남성,52,277894,25,Silver,모바일
1026,남성,60,290065,16,Silver,온라인
1027,여성,54,400299,24,Gold,모바일
1028,남성,51,180612,12,Bronze,오프라인
1029,여성,35,444907,28,Gold,온라인
1030,남성,24,465934,9,Gold,모바일
1031,남성,55,259014,18,Bronze,모바일
1032,여성,54,302730,27,Silver,모바일
1033,남성,45,595779,19,Gold,모바일
1034,남성,27,188627,5,Bronze,온라인
1035,여성,57,285556,25,Bronze,온라인
1036,여성,34,186619,7,Bronze,온라인
1037,여성,37,391356,9,Silver,온라인
1038,남성,35,299914,8,Silver,오프라인
1039,여성,47,372427,28,Silver,오프라인
1040,여성,26,188946,30,Bronze,모바일
1041,여성,35,217601,9,Bronze,모바일
1042,남성,31,119761,19,Bronze,온라인
1043,여성,23,253868,7,Silver,모바일
1044,여성,30,306032,17,Silver,오프라인
1045,여성,30,319521,30,Silver,오프라인
1046,남성,38,395691,26,Silver,모바일
1047,남성,29,115331,23,Bronze,온라인
1048,여성,40,224987,21,Bronze,모바일
1049,여성,23,497425,7,Gold,온라인
1050,여성,35,314543,23,Silver,모바일
1051,여성,59,253006,23,Bronze,모바일
1052,남성,36,182361,12,Bronze,모바일
1053,남성,45,178642,19,Bronze,모바일
1054,남성,24,247585,8,Bronze,모바일
1055,여성,54,134722,16,Bronze,오프라인
1056,여성,35,364867,22,Silver,온라인
1057,남성,59,677317,5,Gold,모바일
1058,남성,26,538656,8,Gold,온라인
1059,여성,55,258552,11,Bronze,오프라인
1060,남성,33,382489,20,Silver,오프라인
1061,남성,23,172530,6,Bronze,오프라인
1062,여성,41,318670,10,Silver,모바일
1063,남성,55,252534,8,Silver,모바일
1064,여성,29,402701,22,Silver,오프라인
1065,여성,47,195591,30,Bronze,오프라인
1066,여성,42,274832,8,Bronze,온라인
1067,남성,55,481030,12,Gold,오프라인
1068,여성,31,494036,28,Gold,온라인
1069,남성,46,530111,13,Gold,모바일
1070,여성,26,373388,12,Silver,온라인
1071,여성,49,308438,5,Silver,온라인
1072,여성,45,323170,16,Silver,온라인
1073,남성,54,280236,13,Silver,온라인
1074,여성,57,420057,8,Gold,오프라인
1075,남성,42,364398,24,Silver,오프라인
1076,여성,44,533547,6,Gold,온라인
1077,남성,20,430055,28,Silver,모바일
1078,여성,43,336559,24,Silver,모바일
1079,남성,27,382939,14,Silver,오프라인
1080,남성,40,395335,9,Silver,오프라인
1081,여성,46,427554,28,Silver,오프라인
1082,여성,59,393638,5,Silver,오프라인
1083,남성,38,259032,25,Bronze,모바일
1084,남성,49,306020,21,Silver,모바일
1085,남성,30,385122,26,Silver,오프라인
1086,남성,25,562749,12,Gold,온라인
1087,여성,29,224554,24,Bronze,온라인
1088,여성,49,400908,11,Silver,모바일
1089,남성,51,421981,27,Silver,온라인
1090,여성,26,296107,30,Silver,온라인
1091,남성,23,369658,9,Silver,온라인
1092,남성,53,566355,29,Gold,모바일
1093,남성,59,623735,22,Gold,모바일
1094,남성,30,367983,13,Silver,오프라인
1095,여성,60,227034,25,Bronze,모바일
1096,여성,37,324901,12,Silver,모바일
1097,남성,41,271122,9,Silver,모바일
1098,여성,34,435183,11,Silver,온라인
1099,여성,46,372139,18,Silver,모바일
1100,여성,33,410240,29,Gold,오프라인
1101,남성,50,178279,29,Bronze,오프라인
1102,남성,46,393165,30,Silver,모바일
1103,여성,51,227308,5,Bronze,오프라인
1104,남성,41,439839,10,Silver,오프라인
1105,남성,28,414138,17,Gold,모바일
1106,여성,25,371031,10,Silver,온라인
1107,여성,36,369196,15,Silver,온라인
1108,남성,44,166131,7,Bronze,오프라인
1109,남성,21,341740,12,Silver,온라인
1110,여성,22,302261,5,Silver,온라인
1111,여성,35,129986,23,Bronze,모바일
1112,여성,49,293984,24,Silver,오프라인
1113,여성,30,413462,14,Gold,온라인
1114,남성,45,439844,23,Gold,온라인
1115,여성,26,429374,24,Silver,오프라인
1116,여성,56,389655,18,Silver,오프라인
1117,남성,24,253316,18,Silver,오프라인
1118,남성,26,416614,19,Silver,오프라인
1119,여성,47,270513,13,Bronze,모바일
1120,남성,49,405313,13,Silver,모바일
1121,남성,35,546238,19,Gold,온라인
1122,여성,49,349349,15,Silver,모바일
1123,여성,51,655616,11,Gold,온라인
1124,남성,36,433811,13,Silver,모바일
1125,여성,53,526540,28,Gold,온라인
1126,남성,51,431039,20,Silver,온라인
1127,남성,48,327132,12,Silver,온라인
1128,남성,35,346736,20,Silver,모바일
1129,남성,47,573429,16,Gold,모바일
1130,남성,37,281629,28,Silver,온라인
1131,여성,40,299803,27,Bronze,모바일
1132,여성,32,172482,28,Bronze,오프라인
1133,남성,26,519266,16,Gold,오프라인
1134,여성,39,133182,13,Bronze,모바일
1135,여성,23,283103,25,Silver,모바일
1136,남성,26,549075,20,Gold,모바일
1137,남성,48,316185,20,Silver,온라인
1138,여성,24,401262,25,Silver,온라인
1139,여성,29,179648,7,Bronze,모바일
1140,여성,27,408942,24,Silver,오프라인
1141,여성,53,327949,23,Silver,오프라인
1142,남성,39,409811,28,Silver,온라인
1143,여성,33,423127,7,Silver,오프라인
1144,여성,35,141034,5,Bronze,온라인
1145,남성,48,326351,6,Silver,오프라인
1146,여성,38,369021,7,Silver,모바일
1147,여성,36,404609,26,Silver,모바일
1148,여성,47,269773,9,Bronze,온라인
1149,남성,29,180638,24,Bronze,온라인
1150,남성,48,179715,27,Bronze,모바일
1151,남성,37,364755,7,Silver,오프라인
1152,여성,47,315632,5,Silver,모바일
1153,여성,34,410876,29,Gold,모바일
1154,남성,56,223338,21,Bronze,온라인
1155,남성,37,214264,25,Bronze,모바일
1156,남성,25,337374,15,Silver,오프라인
1157,여성,30,379884,14,Silver,모바일
1158,남성,55,182448,13,Bronze,온라인
1159,남성,27,669796,5,Gold,오프라인
1160,남성,46,194838,24,Bronze,모바일
1161,남성,60,303361,13,Silver,온라인
1162,여성,38,377064,8,Silver,모바일
1163,여성,60,436065,10,Silver,온라인
1164,남성,55,124434,12,Bronze,오프라인
1165,여성,49,480725,20,Gold,모바일
1166,남성,52,376484,20,Silver,오프라인
1167,여성,49,299967,24,Silver,오프라인
1168,여성,24,189096,30,Bronze,오프라인
1169,남성,20,253862,23,Bronze,오프라인
1170,남성,29,340472,15,Silver,오프라인
1171,남성,49,525202,23,Gold,온라인
1172,남성,34,422883,15,Gold,오프라인
1173,남성,44,420922,9,Silver,모바일
1174,남성,22,187030,8,Bronze,모바일
1175,남성,26,254023,28,Silver,오프라인
1176,여성,46,439231,20,Gold,온라인
1177,남성,41,420350,7,Silver,오프라인
1178,남성,54,414311,27,Silver,오프라인
1179,남성,54,161543,25,Bronze,온라인
1180,남성,34,275806,29,Silver,오프라인
1181,여성,48,107588,6,Bronze,오프라인
1182,남성,23,212901,9,Bronze,오프라인
1183,여성,53,297200,10,Silver,모바일
1184,여성,25,412453,26,Silver,오프라인
1185,여성,51,521733,19,Gold,온라인
1186,남성,49,221963,14,Bronze,온라인
1187,여성,24,404028,14,Silver,오프라인
1188,남성,36,302223,17,Silver,오프라인
1189,남성,26,194098,23,Bronze,모바일
1190,남성,38,203758,13,Bronze,모바일
1191,여성,56,425713,24,Gold,모바일
1192,남성,38,409138,30,Silver,온라인
1193,남성,34,315700,26,Silver,모바일
1194,여성,60,269434,6,Bronze,모바일
1195,남성,48,291983,9,Bronze,오프라인
1196,여성,38,296042,11,Silver,오프라인
1197,여성,54,678319,21,Gold,오프라인
1198,남성,30,177369,28,Bronze,오프라인
1199,남성,27,286898,29,Silver,온라인
1200,여성,45,591771,7,Gold,모바일
1201,남성,20,219219,16,Bronze,온라인
1202,남성,57,347379,8,Silver,모바일
1203,여성,50,185984,24,Bronze,모바일
1204,여성,24,433783,14,Silver,오프라인
1205,남성,27,179787,20,Bronze,온라인
1206,여성,26,135563,17,Bronze,모바일
1207,남성,43,432579,22,Silver,모바일
1208,남성,57,358759,25,Silver,온라인
1209,여성,51,258576,27,Silver,오프라인
1210,남성,33,345075,8,Silver,온라인
1211,남성,54,588048,6,Gold,모바일
1212,남성,37,219201,7,Bronze,온라인
1213,여성,60,263258,30,Silver,온라인
1214,남성,35,507586,7,Gold,모바일
1215,여성,57,186129,29,Bronze,온라인
1216,여성,58,134076,22,Bronze,온라인
1217,남성,31,134551,5,Bronze,온라인
1218,남성,35,295677,13,Silver,온라인
1219,여성,28,279792,28,Silver,모바일
1220,여성,50,384542,23,Silver,오프라인
1221,여성,48,261367,28,Silver,모바일
1222,남성,49,265945,20,Silver,온라인
1223,남성,47,436751,19,Silver,오프라인
1224,여성,25,267218,9,Silver,온라인
1225,남성,59,436686,15,Silver,모바일
1226,남성,58,382527,24,Silver,오프라인
1227,남성,26,421629,25,Silver,온라인
1228,여성,47,358478,15,Silver,온라인
1229,남성,45,331932,18,Silver,온라인
1230,남성,36,430046,20,Silver,온라인
1231,여성,25,626427,8,Gold,온라인
1232,남성,28,397216,22,Silver,모바일
1233,남성,27,446682,18,Silver,모바일
1234,여성,38,277158,23,Silver,오프라인
1235,여성,29,278368,16,Silver,온라인
1236,남성,27,309286,30,Silver,모바일
1237,남성,55,691891,5,Gold,모바일
1238,남성,21,299861,14,Bronze,모바일
1239,남성,42,248457,26,Bronze,온라인
1240,남성,24,108036,7,Bronze,모바일
1241,여성,44,291263,16,Silver,오프라인
1242,남성,40,406296,7,Silver,모바일
1243,여성,29,113044,26,Bronze,모바일
1244,여성,37,377313,24,Silver,오프라인
1245,남성,46,129836,16,Bronze,모바일
1246,남성,27,255486,20,Bronze,모바일
1247,남성,22,114360,5,Bronze,모바일
1248,여성,39,533965,14,Gold,온라인
1249,남성,27,212893,10,Bronze,모바일
1250,여성,44,381140,22,Silver,온라인
1251,남성,24,261089,18,Silver,모바일
1252,여성,49,625068,23,Gold,오프라인
1253,남성,60,356176,5,Silver,온라인
1254,남성,30,641223,27,Gold,모바일
1255,남성,25,313783,18,Silver,온라인
1256,남성,53,295508,15,Bronze,오프라인
1257,여성,41,383820,25,Silver,온라인
1258,여성,53,342038,28,Silver,오프라인
1259,여성,35,151713,10,Bronze,오프라인
1260,여성,24,229529,19,Bronze,모바일
1261,남성,56,334727,25,Silver,모바일
1262,남성,29,365922,25,Silver,오프라인
1263,남성,37,382995,7,Silver,오프라인
1264,남성,49,346662,14,Silver,온라인
1265,여성,25,350789,19,Silver,모바일
1266,여성,48,498691,15,Gold,모바일
1267,남성,52,218101,8,Bronze,온라인
1268,남성,25,260260,12,Silver,온라인
1269,남성,48,291614,16,Silver,모바일
1270,남성,38,427968,24,Silver,오프라인
1271,여성,60,336426,8,Silver,온라인
1272,남성,38,257994,9,Bronze,모바일
1273,남성,25,341703,14,Silver,온라인
1274,남성,28,331155,22,Silver,온라인
1275,남성,41,675981,7,Gold,모바일
1276,남성,52,330967,10,Silver,오프라인
1277,여성,41,500666,12,Gold,오프라인
1278,여성,29,233087,29,Bronze,온라인
1279,여성,41,468707,24,Gold,모바일
1280,남성,29,263771,30,Bronze,모바일
1281,여성,48,277304,28,Bronze,오프라인
1282,여성,48,367683,12,Silver,모바일
1283,여성,39,501720,16,Gold,오프라인
1284,남성,49,381833,21,Silver,오프라인
1285,남성,30,472560,13,Gold,모바일
1286,여성,50,453786,27,Gold,모바일
1287,여성,38,171510,19,Bronze,온라인
1288,여성,47,218260,16,Bronze,온라인
1289,여성,46,198031,12,Bronze,모바일
1290,남성,25,333541,8,Silver,온라인
1291,남성,29,223851,27,Bronze,오프라인
1292,여성,50,270768,5,Silver,온라인
1293,남성,33,676704,18,Gold,모바일
1294,여성,38,112517,12,Bronze,온라인
1295,남성,60,266464,8,Silver,오프라인
1296,남성,58,385102,23,Silver,모바일
1297,여성,29,261168,16,Bronze,온라인
1298,여성,56,425168,7,Silver,모바일
1299,남성,24,665985,30,Gold,모바일
1300,여성,44,602837,16,Gold,온라인
1301,남성,21,340387,12,Silver,온라인
1302,여성,57,284972,6,Silver,오프라인
1303,남성,54,295898,29,Silver,모바일
1304,남성,50,266541,27,Silver,온라인
1305,남성,22,152289,6,Bronze,온라인
1306,남성,39,374098,13,Silver,모바일
1307,여성,32,271896,15,Bronze,온라인
1308,남성,27,354863,28,Silver,오프라인
1309,남성,44,380076,27,Silver,온라인
1310,남성,43,539838,30,Gold,모바일
1311,여성,47,147305,22,Bronze,모바일
1312,남성,40,273256,14,Bronze,오프라인
1313,남성,48,293684,27,Silver,오프라인
1314,남성,42,342421,24,Silver,모바일
1315,남성,37,269671,26,Silver,온라인
1316,남성,43,428103,10,Silver,모바일
1317,여성,29,629728,6,Gold,모바일
1318,여성,24,196030,16,Bronze,모바일
1319,남성,56,278012,19,Bronze,온라인
1320,남성,43,400450,9,Silver,온라인
1321,남성,45,315434,8,Silver,오프라인
1322,여성,31,397239,8,Silver,오프라인
1323,남성,36,410399,14,Silver,온라인
1324,남성,32,218500,10,Bronze,온라인
1325,남성,25,582150,27,Gold,오프라인
1326,여성,55,291289,27,Silver,오프라인
1327,여성,43,302685,30,Silver,온라인
1328,여성,35,344606,22,Silver,온라인
1329,남성,49,468037,24,Gold,모바일
1330,여성,24,438447,20,Silver,모바일
1331,남성,46,465707,15,Gold,온라인
1332,여성,48,340312,9,Silver,모바일
1333,여성,28,282548,21,Silver,온라인
1334,여성,39,285947,12,Bronze,오프라인
1335,남성,53,531389,11,Gold,온라인
1336,남성,28,389848,7,Silver,모바일
1337,여성,57,489758,26,Gold,온라인
1338,남성,56,121292,6,Bronze,온라인
1339,남성,33,412033,25,Silver,오프라인
1340,여성,51,551871,25,Gold,모바일
1341,남성,50,206454,14,Bronze,모바일
1342,남성,24,365239,18,Silver,온라인
1343,남성,49,137661,15,Bronze,모바일
1344,남성,42,594269,21,Gold,온라인
1345,여성,40,170116,19,Bronze,온라인
1346,여성,29,200702,24,Bronze,오프라인
1347,남성,35,571670,23,Gold,온라인
1348,남성,32,384932,19,Silver,오프라인
1349,남성,39,353086,21,Silver,온라인
1350,남성,35,112755,6,Bronze,오프라인
1351,남성,51,426297,20,Silver,모바일
1352,남성,54,212965,9,Bronze,온라인
1353,남성,43,261860,17,Silver,오프라인
1354,여성,56,395024,14,Silver,오프라인
1355,여성,44,323327,24,Silver,모바일
1356,여성,28,595663,30,Gold,오프라인
1357,남성,55,504363,24,Gold,온라인
1358,남성,52,135923,27,Bronze,온라인
1359,남성,50,408927,21,Silver,온라인
1360,여성,40,485197,17,Gold,오프라인
1361,남성,57,389549,20,Silver,모바일
1362,남성,50,573664,26,Gold,오프라인
1363,여성,46,430366,25,Silver,모바일
1364,여성,58,401643,23,Silver,모바일
1365,여성,23,387424,25,Silver,온라인
1366,남성,29,416552,23,Gold,온라인
1367,여성,32,209780,9,Bronze,오프라인
1368,남성,33,373628,28,Silver,모바일
1369,여성,28,335209,26,Silver,모바일
1370,남성,53,370498,22,Silver,온라인
1371,남성,54,428453,25,Silver,모바일
1372,남성,59,323139,22,Silver,온라인
1373,남성,34,551521,27,Gold,오프라인
1374,여성,51,396928,30,Silver,오프라인
1375,남성,38,242394,17,Bronze,모바일
1376,남성,42,552280,6,Gold,온라인
1377,남성,25,421959,13,Silver,오프라인
1378,남성,33,171075,22,Bronze,모바일
1379,남성,28,253834,12,Bronze,모바일
1380,여성,23,309158,25,Silver,모바일
1381,여성,23,288051,20,Bronze,오프라인
1382,여성,28,141403,18,Bronze,모바일
1383,남성,50,334192,14,Silver,오프라인
1384,여성,25,390286,28,Silver,온라인
1385,여성,31,259526,17,Silver,온라인
1386,남성,31,419643,5,Gold,오프라인
1387,남성,56,324596,19,Silver,오프라인
1388,남성,28,543045,11,Gold,오프라인
1389,여성,41,269944,13,Bronze,오프라인
1390,여성,20,398840,26,Silver,오프라인
1391,여성,31,356296,18,Silver,모바일
1392,남성,25,298439,9,Silver,온라인
1393,남성,40,536726,17,Gold,온라인
1394,여성,48,329153,23,Silver,오프라인
1395,여성,36,311945,6,Silver,모바일
1396,여성,49,429850,21,Silver,오프라인
1397,남성,27,346349,24,Silver,오프라인
1398,여성,34,480313,19,Gold,오프라인
1399,남성,46,448534,22,Silver,오프라인
1400,여성,35,271461,21,Silver,모바일
1401,남성,53,397893,8,Silver,온라인
1402,여성,55,681364,9,Gold,온라인
1403,여성,40,460943,26,Gold,오프라인
1404,여성,57,366780,30,Silver,모바일
1405,여성,49,219746,23,Bronze,오프라인
1406,여성,55,439603,5,Silver,오프라인
1407,남성,36,514243,23,Gold,모바일
1408,여성,22,266714,22,Silver,모바일
1409,여성,24,416638,14,Gold,오프라인
1410,남성,31,441178,25,Silver,모바일
1411,남성,43,635162,17,Gold,오프라인
1412,남성,25,391374,9,Silver,모바일
1413,남성,27,203037,21,Bronze,모바일
1414,여성,34,556428,19,Gold,온라인
1415,남성,54,314883,19,Silver,온라인
1416,남성,29,129581,6,Bronze,모바일
1417,남성,59,313089,11,Silver,온라인
1418,여성,26,406705,26,Silver,오프라인
1419,여성,35,365071,12,Silver,오프라인
1420,여성,23,161384,28,Bronze,오프라인
1421,남성,56,334060,12,Silver,모바일
1422,남성,29,515890,18,Gold,모바일
1423,남성,37,292731,10,Bronze,모바일
1424,남성,55,418641,26,Silver,오프라인
1425,남성,53,357022,9,Silver,오프라인
1426,남성,44,224130,12,Bronze,모바일
1427,여성,39,642758,6,Gold,온라인
1428,남성,46,351821,12,Silver,온라인
1429,남성,33,367908,16,Silver,온라인
1430,여성,54,263510,13,Silver,온라인
1431,남성,58,299325,30,Silver,온라인
1432,여성,50,179478,5,Bronze,오프라인
1433,여성,32,651092,12,Gold,온라인
1434,여성,45,568618,29,Gold,모바일
1435,남성,44,344177,14,Silver,모바일
1436,남성,43,372160,8,Silver,오프라인
1437,남성,40,564061,18,Gold,오프라인
1438,여성,56,476505,5,Gold,모바일
1439,남성,55,618931,14,Gold,모바일
1440,여성,32,399366,12,Silver,오프라인
1441,남성,55,338490,13,Silver,모바일
1442,남성,51,342320,10,Silver,모바일
1443,여성,54,418246,6,Silver,모바일
1444,여성,24,425435,29,Gold,모바일
1445,여성,46,160668,7,Bronze,모바일
1446,여성,20,197832,6,Bronze,오프라인
1447,남성,51,244610,18,Bronze,모바일
1448,여성,21,390440,14,Silver,오프라인
1449,여성,52,625744,30,Gold,모바일
1450,여성,26,478065,12,Gold,모바일
1451,여성,59,320077,30,Silver,오프라인
1452,남성,25,370323,23,Silver,오프라인
1453,여성,34,271372,25,Bronze,온라인
1454,여성,25,394887,20,Silver,오프라인
1455,여성,60,121675,20,Bronze,온라인
1456,남성,41,388453,6,Silver,온라인
1457,여성,33,697158,20,Gold,모바일
1458,남성,22,546996,22,Gold,모바일
1459,여성,31,408209,11,Gold,오프라인
1460,여성,45,485170,23,Gold,오프라인
1461,여성,56,683410,15,Gold,오프라인
1462,남성,28,439835,7,Silver,모바일
1463,남성,23,119927,15,Bronze,온라인
1464,남성,40,218109,20,Bronze,오프라인
1465,여성,42,363206,10,Silver,오프라인
1466,남성,25,314605,27,Silver,오프라인
1467,여성,25,286561,30,Bronze,오프라인
1468,여성,44,273991,5,Silver,온라인
1469,남성,48,276799,9,Silver,오프라인
1470,여성,31,395421,21,Silver,모바일
1471,남성,26,245285,7,Bronze,오프라인
1472,남성,44,201659,29,Bronze,오프라인
1473,여성,55,699871,21,Gold,온라인
1474,여성,44,178939,13,Bronze,오프라인
1475,남성,29,172341,18,Bronze,오프라인
1476,남성,50,315981,12,Silver,오프라인
1477,남성,58,278042,9,Silver,오프라인
1478,남성,20,599171,30,Gold,오프라인
1479,남성,48,405816,9,Silver,모바일
1480,남성,40,302652,20,Silver,모바일
1481,남성,31,552802,28,Gold,오프라인
1482,남성,56,348580,13,Silver,오프라인
1483,남성,43,152376,23,Bronze,모바일
1484,여성,55,221011,27,Bronze,모바일
1485,여성,48,268129,30,Silver,모바일
1486,남성,51,163444,13,Bronze,오프라인
1487,여성,47,367720,24,Silver,온라인
1488,남성,57,431327,18,Silver,모바일
1489,여성,43,405666,25,Silver,모바일
1490,여성,26,424245,16,Silver,모바일
1491,여성,59,277595,25,Bronze,모바일
1492,남성,41,455545,5,Gold,오프라인
1493,여성,36,235999,22,Bronze,모바일
1494,여성,48,428141,23,Silver,오프라인
1495,여성,42,454813,14,Gold,오프라인
1496,남성,25,137139,16,Bronze,모바일
1497,남성,41,386607,20,Silver,온라인
1498,남성,50,282652,19,Bronze,모바일
1499,남성,24,280168,5,Silver,모바일
1500,남성,26,444114,12,Silver,온라인
1501,여성,55,211770,19,Bronze,모바일
1502,여성,45,417897,26,Silver,온라인
1503,남성,45,151727,19,Bronze,모바일
1504,남성,44,153945,13,Bronze,온라인
1505,여성,56,149010,16,Bronze,모바일
1506,남성,32,425820,20,Silver,오프라인
1507,남성,58,403879,8,Silver,오프라인
1508,남성,42,490454,26,Gold,모바일
1509,남성,59,285113,15,Silver,모바일
1510,여성,35,347859,27,Silver,온라인
1511,여성,52,286141,23,Silver,모바일
1512,남성,47,240870,27,Bronze,모바일
1513,여성,55,136777,10,Bronze,오프라인
1514,남성,48,252512,20,Silver,오프라인
1515,여성,32,664995,25,Gold,모바일
1516,남성,46,436159,19,Silver,오프라인
1517,남성,30,299506,12,Bronze,온라인
1518,남성,22,175673,10,Bronze,모바일
1519,남성,56,394107,21,Silver,오프라인
1520,여성,56,196170,22,Bronze,모바일
1521,여성,48,276847,28,Silver,오프라인
1522,여성,39,635789,13,Gold,온라인
1523,남성,25,312113,11,Silver,온라인
1524,남성,59,411520,9,Silver,온라인
1525,여성,33,583928,22,Gold,모바일
1526,남성,58,434563,14,Silver,오프라인
1527,남성,56,278074,8,Bronze,모바일
1528,여성,46,466525,27,Gold,오프라인
1529,여성,35,164894,29,Bronze,오프라인
1530,남성,51,170442,25,Bronze,모바일
1531,남성,44,274404,17,Silver,모바일
1532,남성,43,335796,23,Silver,오프라인
1533,여성,25,416419,26,Silver,오프라인
1534,남성,24,307102,18,Silver,오프라인
1535,여성,51,188540,22,Bronze,오프라인
1536,여성,56,425380,6,Gold,오프라인
1537,여성,60,254268,8,Silver,오프라인
1538,여성,48,303036,27,Silver,오프라인
1539,여성,39,124468,25,Bronze,오프라인
1540,남성,36,270108,10,Bronze,모바일
1541,여성,45,433354,29,Silver,모바일
1542,여성,47,274951,5,Silver,모바일
1543,여성,50,159294,21,Bronze,모바일
1544,남성,20,131612,18,Bronze,오프라인
1545,여성,50,123417,28,Bronze,오프라인
1546,여성,26,285947,17,Silver,오프라인
1547,여성,29,102221,24,Bronze,모바일
1548,여성,48,414647,28,Silver,온라인
1549,여성,46,306949,7,Silver,오프라인
1550,여성,28,441367,17,Silver,모바일
1551,남성,47,314955,13,Silver,온라인
1552,여성,35,439052,24,Silver,모바일
1553,남성,21,558151,11,Gold,모바일
1554,여성,45,162741,20,Bronze,온라인
1555,남성,27,255695,7,Bronze,모바일
1556,여성,43,602814,23,Gold,온라인
1557,남성,43,449944,20,Silver,온라인
1558,여성,21,318730,11,Silver,온라인
1559,여성,23,665609,14,Gold,오프라인
1560,남성,47,417913,22,Silver,온라인
1561,여성,37,234035,11,Bronze,온라인
1562,여성,54,416276,29,Silver,모바일
1563,여성,39,312557,6,Silver,모바일
1564,여성,25,637697,24,Gold,온라인
1565,여성,39,444159,10,Silver,모바일
1566,여성,20,252975,10,Silver,모바일
1567,남성,42,317960,10,Silver,모바일
1568,남성,28,442134,8,Silver,오프라인
1569,여성,41,674650,7,Gold,오프라인
1570,남성,56,369327,21,Silver,오프라인
1571,남성,23,293746,16,Silver,모바일
1572,여성,36,426716,28,Silver,모바일
1573,여성,34,261544,5,Silver,온라인
1574,여성,22,289343,10,Silver,오프라인
1575,여성,55,619870,12,Gold,모바일
1576,남성,35,333869,13,Silver,모바일
1577,여성,56,426508,6,Silver,모바일
1578,여성,34,610200,7,Gold,온라인
1579,남성,38,335799,7,Silver,오프라인
1580,남성,20,397798,30,Silver,오프라인
1581,남성,59,255108,20,Bronze,오프라인
1582,여성,54,289470,5,Silver,온라인
1583,남성,21,266708,27,Bronze,오프라인
1584,여성,41,198638,28,Bronze,모바일
1585,남성,26,210052,20,Bronze,온라인
1586,여성,29,261508,12,Silver,온라인
1587,남성,43,272256,23,Silver,모바일
1588,여성,52,119616,23,Bronze,오프라인
1589,여성,47,312068,14,Silver,온라인
1590,남성,40,571049,15,Gold,오프라인
1591,남성,37,135680,29,Bronze,온라인
1592,여성,29,222173,15,Bronze,오프라인
1593,남성,27,368467,14,Silver,온라인
1594,남성,36,482635,30,Gold,온라인
1595,남성,58,138882,7,Bronze,오프라인
1596,여성,42,427519,14,Silver,온라인
1597,남성,31,218541,22,Bronze,오프라인
1598,여성,26,281838,5,Silver,온라인
1599,여성,34,197580,26,Bronze,오프라인
1600,여성,57,255714,7,Silver,온라인
1601,여성,48,573827,8,Gold,온라인
1602,여성,49,213549,28,Bronze,모바일
1603,남성,51,211847,10,Bronze,모바일
1604,남성,33,546724,19,Gold,오프라인
1605,여성,22,314431,25,Silver,모바일
1606,남성,51,375575,6,Silver,모바일
1607,여성,37,302286,25,Silver,오프라인
1608,여성,60,410239,17,Gold,모바일
1609,남성,50,340186,23,Silver,오프라인
1610,남성,44,183591,24,Bronze,온라인
1611,여성,21,430718,30,Gold,오프라인
1612,남성,53,311017,10,Silver,모바일
1613,여성,35,389903,30,Silver,오프라인
1614,여성,34,343009,10,Silver,오프라인
1615,여성,35,432878,16,Silver,모바일
1616,여성,42,474502,23,Gold,모바일
1617,여성,51,378564,6,Silver,온라인
1618,여성,23,105224,21,Bronze,온라인
1619,남성,20,302812,30,Silver,모바일
1620,여성,41,265612,5,Silver,오프라인
1621,여성,57,279077,21,Silver,온라인
1622,남성,24,353703,23,Silver,모바일
1623,여성,41,291288,28,Silver,온라인
1624,남성,60,566347,10,Gold,모바일
1625,남성,34,349191,14,Silver,온라인
1626,남성,28,284027,23,Bronze,온라인
1627,남성,56,183418,30,Bronze,모바일
1628,여성,60,286868,15,Silver,오프라인
1629,여성,35,294010,25,Silver,오프라인
1630,여성,60,367081,5,Silver,오프라인
1631,남성,33,191876,13,Bronze,온라인
1632,여성,20,292042,18,Bronze,오프라인
1633,여성,46,342073,22,Silver,오프라인
1634,남성,26,518270,10,Gold,모바일
1635,남성,24,327308,5,Silver,온라인
1636,남성,36,579205,10,Gold,온라인
1637,남성,30,274406,15,Silver,모바일
1638,남성,21,293253,24,Silver,모바일
1639,남성,30,153883,11,Bronze,오프라인
1640,남성,55,391590,13,Silver,모바일
1641,남성,39,202996,23,Bronze,온라인
1642,남성,29,212094,7,Bronze,온라인
1643,남성,60,275424,5,Silver,온라인
1644,여성,30,374143,8,Silver,온라인
1645,남성,45,319469,7,Silver,모바일
1646,남성,31,346836,10,Silver,오프라인
1647,남성,22,169048,12,Bronze,오프라인
1648,남성,56,274972,8,Bronze,모바일
1649,여성,42,519282,22,Gold,오프라인
1650,여성,44,680763,26,Gold,오프라인
1651,남성,56,556684,7,Gold,오프라인
1652,남성,22,399811,26,Silver,모바일
1653,여성,27,490638,10,Gold,오프라인
1654,여성,32,120543,26,Bronze,오프라인
1655,남성,32,477530,24,Gold,모바일
1656,남성,40,445627,17,Gold,온라인
1657,남성,55,386233,19,Silver,오프라인
1658,여성,59,279496,18,Silver,오프라인
1659,여성,29,448804,8,Silver,모바일
1660,여성,56,390413,16,Silver,오프라인
1661,남성,36,399952,24,Silver,오프라인
1662,남성,22,137710,24,Bronze,오프라인
1663,남성,22,431014,12,Silver,오프라인
1664,여성,50,410607,15,Gold,오프라인
1665,남성,39,282500,26,Bronze,오프라인
1666,여성,34,216158,29,Bronze,모바일
1667,남성,37,419228,7,Silver,모바일
1668,여성,48,294234,20,Bronze,오프라인
1669,남성,23,267201,14,Silver,온라인
1670,남성,28,399074,5,Silver,모바일
1671,여성,32,430213,12,Gold,온라인
1672,여성,49,284715,11,Bronze,오프라인
1673,남성,43,608112,25,Gold,모바일
1674,여성,21,255724,19,Bronze,오프라인
1675,여성,50,340242,10,Silver,오프라인
1676,남성,25,113015,10,Bronze,오프라인
1677,여성,34,304193,13,Silver,모바일
1678,남성,52,102332,20,Bronze,모바일
1679,여성,31,308659,13,Silver,온라인
1680,남성,37,341412,19,Silver,오프라인
1681,남성,33,386482,24,Silver,모바일
1682,남성,57,273632,16,Bronze,모바일
1683,남성,39,266734,15,Silver,오프라인
1684,남성,60,318458,25,Silver,오프라인
1685,남성,32,114883,30,Bronze,온라인
1686,남성,40,256672,25,Silver,모바일
1687,남성,38,206063,17,Bronze,오프라인
1688,여성,57,299785,15,Silver,모바일
1689,여성,54,426126,16,Silver,오프라인
1690,남성,30,494967,14,Gold,모바일
1691,여성,50,290103,30,Bronze,오프라인
1692,여성,41,343135,12,Silver,온라인
1693,남성,46,347434,13,Silver,오프라인
1694,남성,49,428142,25,Gold,오프라인
1695,여성,50,462818,26,Gold,모바일
1696,남성,53,139525,9,Bronze,온라인
1697,여성,41,369949,9,Silver,모바일
1698,남성,31,337196,25,Silver,오프라인
1699,여성,40,368503,13,Silver,온라인
1700,여성,30,378339,30,Silver,온라인
1701,여성,28,362567,17,Silver,모바일
1702,남성,50,389927,11,Silver,온라인
1703,남성,20,499917,5,Gold,모바일
1704,여성,60,431803,16,Silver,온라인
1705,남성,28,254316,14,Bronze,모바일
1706,여성,24,552477,19,Gold,오프라인
1707,남성,47,579690,20,Gold,온라인
1708,남성,32,105013,12,Bronze,오프라인
1709,여성,28,254584,21,Bronze,온라인
1710,여성,27,259794,17,Silver,모바일
1711,남성,54,262572,26,Silver,모바일
1712,여성,21,209255,19,Bronze,온라인
1713,남성,27,433990,9,Silver,오프라인
1714,여성,60,273451,8,Bronze,오프라인
1715,남성,59,359792,8,Silver,온라인
1716,여성,38,230479,11,Bronze,온라인
1717,여성,36,587654,27,Gold,온라인
1718,남성,38,230116,11,Bronze,모바일
1719,남성,41,276064,7,Bronze,온라인
1720,여성,56,273614,29,Silver,온라인
1721,여성,26,521194,19,Gold,모바일
1722,남성,36,295797,6,Silver,온라인
1723,남성,43,623344,28,Gold,오프라인
1724,여성,26,405071,9,Gold,온라인
1725,여성,41,413002,13,Silver,오프라인
1726,여성,43,459680,17,Gold,온라인
1727,남성,49,280853,20,Bronze,오프라인
1728,남성,30,290424,6,Bronze,모바일
1729,여성,26,376530,30,Silver,모바일
1730,남성,31,410263,5,Silver,오프라인
1731,여성,50,615631,19,Gold,온라인
1732,여성,24,103240,27,Bronze,오프라인
1733,여성,41,433652,24,Silver,모바일
1734,여성,47,376334,16,Silver,온라인
1735,남성,29,428608,5,Gold,모바일
1736,여성,52,486719,7,Gold,오프라인
1737,남성,40,113199,21,Bronze,오프라인
1738,여성,55,311603,7,Silver,오프라인
1739,남성,48,446147,20,Gold,오프라인
1740,남성,40,295359,25,Bronze,오프라인
1741,여성,26,396048,22,Silver,온라인
1742,여성,25,417126,14,Silver,모바일
1743,여성,49,428455,12,Gold,오프라인
1744,남성,41,407273,20,Silver,모바일
1745,남성,48,158129,5,Bronze,모바일
1746,남성,42,687147,21,Gold,오프라인
1747,남성,26,229085,9,Bronze,온라인
1748,남성,26,149163,8,Bronze,온라인
1749,남성,33,437901,15,Silver,온라인
1750,여성,46,276197,23,Bronze,모바일
1751,여성,48,382172,9,Silver,모바일
1752,남성,20,395024,18,Silver,온라인
1753,남성,52,431355,23,Silver,온라인
1754,여성,28,257429,24,Bronze,모바일
1755,남성,52,530148,13,Gold,오프라인
1756,남성,41,469925,9,Gold,오프라인
1757,남성,58,384294,14,Silver,모바일
1758,남성,55,304974,24,Silver,온라인
1759,남성,42,493225,21,Gold,온라인
1760,남성,27,375926,23,Silver,모바일
1761,남성,54,103347,21,Bronze,오프라인
1762,여성,21,425703,6,Silver,온라인
1763,여성,37,325134,26,Silver,온라인
1764,남성,29,554738,11,Gold,모바일
1765,여성,42,694589,12,Gold,온라인
1766,남성,35,325402,27,Silver,모바일
1767,여성,44,331960,22,Silver,모바일
1768,여성,20,412676,29,Silver,온라인
1769,남성,34,592802,29,Gold,모바일
1770,여성,32,278954,7,Bronze,온라인
1771,여성,31,348880,6,Silver,온라인
1772,남성,37,292186,23,Silver,온라인
1773,남성,20,290581,6,Silver,모바일
1774,여성,40,411378,26,Silver,모바일
1775,남성,51,343869,7,Silver,모바일
1776,남성,53,236473,7,Bronze,온라인
1777,여성,46,274102,16,Silver,오프라인
1778,여성,33,344580,14,Silver,오프라인
1779,여성,59,447167,25,Silver,모바일
1780,여성,27,313005,25,Silver,오프라인
1781,여성,22,349974,30,Silver,오프라인
1782,여성,44,174141,5,Bronze,모바일
1783,남성,52,655225,6,Gold,오프라인
1784,남성,32,275154,10,Silver,온라인
1785,여성,60,265023,29,Bronze,모바일
1786,여성,47,681938,27,Gold,온라인
1787,남성,24,256226,19,Silver,온라인
1788,남성,22,146659,30,Bronze,온라인
1789,남성,55,167803,18,Bronze,온라인
1790,남성,48,332943,5,Silver,오프라인
1791,남성,27,438818,24,Silver,모바일
1792,여성,57,193768,21,Bronze,온라인
1793,여성,38,409007,7,Silver,오프라인
1794,남성,48,258079,20,Silver,모바일
1795,여성,54,202496,30,Bronze,모바일
1796,남성,60,291188,25,Bronze,모바일
1797,남성,20,287060,8,Silver,모바일
1798,여성,20,390811,22,Silver,오프라인
1799,여성,39,290300,16,Bronze,모바일
1800,여성,46,474687,10,Gold,모바일
1801,여성,34,300941,8,Silver,오프라인
1802,여성,56,641835,25,Gold,모바일
1803,여성,38,275743,11,Silver,오프라인
1804,남성,41,421828,12,Silver,모바일
1805,여성,38,333305,20,Silver,온라인
1806,남성,41,431785,23,Silver,오프라인
1807,여성,56,362278,10,Silver,오프라인
1808,여성,40,286698,28,Bronze,온라인
1809,남성,37,573834,20,Gold,온라인
1810,남성,48,377656,22,Silver,오프라인
1811,여성,31,323561,9,Silver,온라인
1812,여성,36,270044,28,Silver,모바일
1813,여성,21,416354,23,Gold,모바일
1814,남성,57,244597,13,Bronze,온라인
1815,남성,29,404560,28,Silver,온라인
1816,남성,28,273738,17,Silver,모바일
1817,남성,52,260965,26,Bronze,온라인
1818,여성,52,146961,23,Bronze,온라인
1819,여성,50,514724,29,Gold,온라인
1820,남성,34,161346,6,Bronze,오프라인
1821,여성,53,603472,20,Gold,오프라인
1822,남성,22,184953,8,Bronze,모바일
1823,남성,36,295573,17,Silver,모바일
1824,남성,43,385440,13,Silver,온라인
1825,남성,34,340448,20,Silver,오프라인
1826,남성,58,215316,10,Bronze,온라인
1827,여성,24,305447,9,Silver,오프라인
1828,여성,30,281019,26,Silver,모바일
1829,여성,46,459422,20,Gold,모바일
1830,남성,50,269675,18,Bronze,온라인
1831,여성,35,255280,10,Bronze,모바일
1832,여성,60,288499,6,Silver,모바일
1833,여성,36,612575,24,Gold,모바일
1834,여성,38,635511,24,Gold,온라인
1835,남성,50,257506,9,Bronze,오프라인
1836,여성,59,293967,28,Silver,오프라인
1837,남성,49,310244,17,Silver,온라인
1838,남성,28,237025,21,Bronze,온라인
1839,남성,29,374746,24,Silver,온라인
1840,여성,54,274429,20,Silver,온라인
1841,여성,58,427880,25,Silver,온라인
1842,남성,53,432882,21,Silver,온라인
1843,남성,34,599877,16,Gold,오프라인
1844,여성,47,160951,7,Bronze,오프라인
1845,남성,58,535164,11,Gold,오프라인
1846,여성,20,386252,5,Silver,온라인
1847,남성,33,357176,16,Silver,오프라인
1848,여성,29,316488,13,Silver,모바일
1849,남성,56,428416,17,Silver,오프라인
1850,여성,46,376476,10,Silver,모바일
1851,남성,55,330387,23,Silver,오프라인
1852,남성,45,281217,28,Silver,모바일
1853,여성,48,276287,11,Silver,온라인
1854,남성,41,427290,10,Gold,모바일
1855,남성,60,138096,20,Bronze,온라인
1856,남성,25,197212,7,Bronze,온라인
1857,여성,44,673156,14,Gold,오프라인
1858,여성,31,252807,11,Silver,오프라인
1859,남성,32,233837,21,Bronze,모바일
1860,여성,59,194303,12,Bronze,온라인
1861,여성,30,204709,16,Bronze,오프라인
1862,남성,45,254028,28,Silver,모바일
1863,여성,25,396568,23,Silver,모바일
1864,남성,42,518644,24,Gold,오프라인
1865,여성,49,402438,13,Gold,모바일
1866,여성,46,268975,21,Silver,모바일
1867,남성,41,535105,22,Gold,모바일
1868,남성,48,653561,29,Gold,모바일
1869,여성,41,641550,23,Gold,오프라인
1870,여성,50,200315,25,Bronze,온라인
1871,여성,34,585124,21,Gold,오프라인
1872,여성,36,204577,26,Bronze,온라인
1873,남성,24,374926,15,Silver,온라인
1874,남성,33,495831,28,Gold,오프라인
1875,여성,51,442788,12,Silver,온라인
1876,남성,33,262161,16,Bronze,온라인
1877,여성,26,277160,26,Bronze,온라인
1878,남성,59,111079,20,Bronze,모바일
1879,남성,59,322019,20,Silver,모바일
1880,여성,52,296652,23,Bronze,온라인
1881,여성,23,375388,22,Silver,오프라인
1882,여성,52,295822,19,Silver,모바일
1883,여성,53,252206,5,Silver,모바일
1884,여성,44,344791,24,Silver,오프라인
1885,남성,31,320623,20,Silver,온라인
1886,남성,43,155189,18,Bronze,오프라인
1887,남성,43,636311,10,Gold,오프라인
1888,여성,56,438957,13,Silver,온라인
1889,여성,55,301396,9,Silver,오프라인
1890,여성,50,620998,20,Gold,온라인
1891,여성,60,332766,30,Silver,모바일
1892,남성,39,112506,17,Bronze,모바일
1893,여성,30,224921,25,Bronze,오프라인
1894,여성,48,344624,16,Silver,오프라인
1895,남성,42,192036,26,Bronze,온라인
1896,여성,56,391148,10,Silver,모바일
1897,남성,42,377793,29,Silver,모바일
1898,남성,25,371569,25,Silver,오프라인
1899,여성,30,360576,25,Silver,오프라인
1900,남성,24,159825,15,Bronze,오프라인
1901,남성,38,418989,17,Silver,모바일
1902,남성,48,446056,23,Silver,오프라인
1903,남성,46,132778,28,Bronze,온라인
1904,여성,36,441976,11,Gold,모바일
1905,여성,45,224042,22,Bronze,온라인
1906,여성,21,271823,8,Silver,모바일
1907,남성,59,202195,14,Bronze,모바일
1908,여성,35,414228,9,Silver,오프라인
1909,여성,53,418431,26,Gold,온라인
1910,남성,40,683421,13,Gold,오프라인
1911,남성,28,682742,10,Gold,모바일
1912,남성,60,364026,21,Silver,모바일
1913,남성,42,273476,19,Silver,온라인
1914,남성,43,329579,5,Silver,온라인
1915,여성,53,580294,14,Gold,온라인
1916,남성,54,298042,20,Bronze,오프라인
1917,남성,20,406500,12,Silver,오프라인
1918,여성,55,396945,18,Silver,오프라인
1919,남성,35,269342,17,Bronze,모바일
1920,남성,34,263924,12,Bronze,오프라인
1921,남성,38,320470,18,Silver,모바일
1922,여성,24,128929,25,Bronze,오프라인
1923,남성,59,413251,20,Silver,모바일
1924,여성,40,240239,5,Bronze,온라인
1925,여성,26,287484,19,Bronze,온라인
1926,여성,34,229388,11,Bronze,온라인
1927,남성,46,347359,19,Silver,오프라인
1928,여성,41,114690,13,Bronze,온라인
1929,남성,24,300382,13,Silver,온라인
1930,남성,20,165263,17,Bronze,모바일
1931,남성,35,302213,19,Silver,온라인
1932,여성,53,373948,17,Silver,온라인
1933,남성,40,111058,28,Bronze,모바일
1934,여성,36,302094,16,Silver,오프라인
1935,여성,33,627625,15,Gold,온라인
1936,여성,30,281365,17,Silver,모바일
1937,여성,20,649178,27,Gold,모바일
1938,여성,43,291339,20,Silver,온라인
1939,여성,59,265742,6,Silver,모바일
1940,남성,29,282984,20,Silver,온라인
1941,여성,40,582094,30,Gold,모바일
1942,남성,32,193891,28,Bronze,오프라인
1943,여성,36,629376,22,Gold,오프라인
1944,남성,54,398557,10,Silver,온라인
1945,남성,40,406940,22,Silver,오프라인
1946,여성,24,327508,13,Silver,오프라인
1947,남성,49,232633,17,Bronze,모바일
1948,여성,21,412581,12,Silver,오프라인
1949,남성,24,351578,11,Silver,모바일
1950,남성,55,184567,18,Bronze,오프라인
1951,남성,27,117479,6,Bronze,모바일
1952,여성,31,456127,20,Gold,온라인
1953,여성,26,201868,26,Bronze,모바일
1954,남성,53,317092,6,Silver,모바일
1955,남성,34,253430,11,Silver,온라인
1956,남성,25,265912,16,Silver,모바일
1957,남성,43,411725,13,Silver,온라인
1958,여성,24,513193,21,Gold,온라인
1959,여성,26,351012,11,Silver,모바일
1960,여성,53,413925,10,Silver,모바일
1961,남성,26,343837,26,Silver,모바일
1962,남성,47,494579,22,Gold,온라인
1963,남성,52,389958,24,Silver,온라인
1964,남성,42,570212,16,Gold,모바일
1965,남성,60,334790,24,Silver,모바일
1966,여성,56,394241,28,Silver,오프라인
1967,남성,43,608189,5,Gold,오프라인
1968,여성,38,285411,14,Silver,모바일
1969,여성,39,565100,5,Gold,온라인
1970,남성,55,399844,9,Silver,모바일
1971,여성,22,286282,13,Silver,온라인
1972,남성,57,178722,7,Bronze,오프라인
1973,남성,56,440475,28,Gold,모바일
1974,남성,50,284247,23,Bronze,모바일
1975,여성,58,441572,30,Silver,온라인
1976,남성,25,341207,18,Silver,오프라인
1977,남성,27,405994,25,Gold,온라인
1978,남성,23,333706,22,Silver,온라인
1979,여성,40,290159,6,Silver,온라인
1980,남성,48,382311,7,Silver,모바일
1981,여성,47,138800,9,Bronze,오프라인
1982,남성,25,262926,22,Silver,모바일
1983,남성,36,213899,29,Bronze,모바일
1984,여성,28,377889,17,Silver,온라인
1985,여성,55,387428,12,Silver,모바일
1986,여성,24,184780,26,Bronze,오프라인
1987,여성,27,345752,16,Silver,오프라인
1988,여성,40,256345,29,Silver,모바일
1989,남성,30,631845,24,Gold,모바일
1990,여성,48,152346,26,Bronze,온라인
1991,남성,29,279457,28,Silver,온라인
1992,여성,35,550829,5,Gold,온라인
1993,남성,27,255963,15,Silver,오프라인
1994,여성,54,237171,29,Bronze,모바일
1995,남성,55,287053,27,Silver,모바일
1996,여성,44,388097,6,Silver,모바일
1997,남성,30,282590,24,Bronze,온라인
1998,남성,23,267458,17,Silver,온라인
1999,남성,43,553351,25,Gold,온라인
2000,남성,34,452221,15,Gold,모바일
